<?xml version="1.0" encoding="UTF-8"?>
<project-private xmlns="http://www.netbeans.org/ns/project-private/1">
    <editor-bookmarks xmlns="http://www.netbeans.org/ns/editor-bookmarks/2" lastBookmarkId="0"/>
    <open-files xmlns="http://www.netbeans.org/ns/projectui-open-files/2">
        <group>
            <file>file:/C:/xampp/htdocs/Practica_17/pagar.php</file>
            <file>file:/C:/xampp/htdocs/Practica_17/login.php</file>
            <file>file:/C:/xampp/htdocs/Practica_17/logoff.php</file>
            <file>file:/C:/xampp/htdocs/Practica_17/tienda.css</file>
            <file>file:/C:/xampp/htdocs/Practica_17/index.php</file>
            <file>file:/C:/xampp/htdocs/Practica_17/cesta.php</file>
            <file>file:/C:/xampp/htdocs/Practica_17/productos.php</file>
        </group>
    </open-files>
</project-private>
